Date,Price (Normalised)
2012-06-06,0.07146916686315152
2012-06-07,-0.0757606524340213
2012-06-08,0.15144323030365947
2012-06-11,-0.2503374930251825
2012-06-12,0.03982910184590316
2012-06-13,-0.02472314831813338
2012-06-14,0.01741051656035042
2012-06-15,0.06256532762574585
2012-06-18,0.24843042579686014
2012-06-19,0.07655720219492479
2012-06-20,-0.02647239696870496
2012-06-21,-0.11073961542907174
2012-06-22,0.061452139039948284
2012-06-25,-0.09102375675994812
2012-06-26,0.023930160048405202
2012-06-27,0.004849359774659945
2012-06-28,-0.028857594387446617
2012-06-29,0.10819737850877043
2012-07-02,0.13665658671916558
2012-07-03,0.08482420229136367
2012-07-05,0.16193671886829586
2012-07-06,-0.0064388978052930534
2012-07-09,0.14937645245540043
2012-07-10,-0.1423787900735236
2012-07-11,-0.014070060430159348
2012-07-12,-0.008505675653552203
2012-07-13,0.04491702588107738
2012-07-16,0.041259819629391625
2012-07-17,-0.04841374243663199
2012-07-18,0.007552976763885777
2012-07-19,0.061134498545658555
2012-07-20,-0.12600260845839806
2012-07-23,0.1627323782564074
2012-07-24,-0.08991134725034333
2012-07-25,0.020908902564889642
2012-07-26,-0.06479003534835803
2012-07-27,0.17417945608350216
2012-07-30,0.07814674022555645
2012-07-31,0.1325230310226473
2012-08-01,-0.13188619188168227
2012-08-02,0.09150177565376838
2012-08-03,0.045711906192992924
2012-08-06,0.09643099073839823
2012-08-07,-0.016772787046590132
2012-08-08,0.020272953796717896
2012-08-09,0.058590592176372525
2012-08-10,0.06033883915754856
2012-08-13,0.11789520768529682
2012-08-14,0.009938174182627435
2012-08-15,0.0053264882956867154
2012-08-16,0.09436421289013763
2012-08-17,0.14174451075433958
2012-08-20,0.25351834983203414
2012-08-21,-0.22187739444199395
2012-08-22,0.24254762144977193
2012-08-23,-0.04253015901334778
2012-08-24,0.07178669606083932
2012-08-27,-0.055727264567208445
2012-08-28,0.009938174182627435
2012-08-29,-0.015501668586441086
2012-08-30,-0.09484045103837258
2012-08-31,-0.019157984465333455
2012-09-04,0.1592339922518633
2012-09-05,-0.07210344618233555
2012-09-06,0.062088087808118475
2012-09-07,0.050798939855372094
2012-09-10,-0.26878145415796106
2012-09-11,-0.05906605124841158
2012-09-12,0.05954496051502689
2012-09-13,0.10199615459119826
2012-09-14,0.03378758854826924
2012-09-17,0.019636893731947103
2012-09-18,0.04507584612822213
2012-09-19,0.04205547901750317
2012-09-20,0.005486198915624962
2012-09-21,-0.0240870882533627
2012-09-24,0.0752851933619807
2012-09-25,-0.2212414456738222
2012-09-26,-0.043802946922484765
2012-09-27,0.28356809774245484
2012-09-28,-0.1724294283567377
2012-10-01,-0.17433738595785353
2012-10-02,0.0048493597746583905
2012-10-03,0.1175767881148142
2012-10-04,-0.057953641738806794
2012-10-05,-0.18769331175885906
2012-10-08,-0.12568496796410833
2012-10-09,-0.031719141251022265
2012-10-10,0.031402391129527585
2012-10-11,-0.27975129216743144
2012-10-12,0.015184918464946406
2012-10-15,0.05111735942585627
2012-10-16,0.24207049292874183
2012-10-17,-0.05493249555189339
2012-10-18,-0.09770210919854727
2012-10-19,-0.32442886341520105
2012-10-22,0.35638823837572553
2012-10-23,-0.2676681542755628
2012-10-24,-0.06049765940469498
2012-10-25,-0.15350911777912668
2012-10-26,-0.07353516563521634
2012-10-31,0.01979560268249303
2012-11-01,-0.013911240183014484
2012-11-02,-0.2907219092530946
2012-11-05,0.030289091247129418
2012-11-06,-0.10453928188429296
2012-11-07,-0.239048345072436
2012-11-08,-0.35098100439727375
2012-11-09,0.11837233620632381
2012-11-12,-0.16718268407442027
2012-11-13,0.07623878262444062
2012-11-14,-0.12425425018062153
2012-11-15,-0.17656376312945188
2012-11-16,0.05223054801165539
2012-11-19,0.41060570892567005
2012-11-20,-0.1620955391154406
2012-11-21,-0.027743515428854004
2012-11-23,0.08164512623009879
2012-11-26,0.2295102265158464
2012-11-27,-0.06304078669778646
2012-11-28,0.10295052292985418
2012-11-29,-0.0008745130286860192
2012-11-30,-0.011208513566582035
2012-12-03,-0.10581040034444045
2012-12-04,-0.08180305610445027
2012-12-05,-0.46609363015617145
2012-12-06,0.3037601945598105
2012-12-07,-0.30757533068584764
2012-12-10,0.08943499780550934
2012-12-11,0.03855709301296084
2012-12-12,-0.1266385572265698
2012-12-13,-0.010413744551265425
2012-12-14,-0.06606193288470152
2012-12-17,0.17020460933752823
2012-12-18,0.15430566754003006
2012-12-19,-0.06924201061535884
2012-12-20,-0.11868908632782005
2012-12-21,0.1218707222108677
2012-12-24,0.009937395106431435
2012-12-26,-0.08259782511976532
2012-12-27,0.03696755498232762
2012-12-28,0.001669393340601566
2012-12-31,0.35686536689675075
2013-01-02,-0.06335920626826907
2013-01-03,-0.07909943911522288
2013-01-04,-0.14571846712752012
2013-01-07,0.04300906827996154
2013-01-08,-0.04920762107915355
2013-01-09,-0.07305792581758885
2013-01-10,-0.06733394171764562
2013-01-11,0.001670172416796012
2013-01-14,-0.001986922538290692
2013-01-15,-0.1840361055071733
2013-01-16,0.1948489040150856
2013-01-17,-0.10851312696087279
2013-01-18,0.036331606214155876
2013-01-22,0.016138507727406326
2013-01-23,0.0954774014759383
2013-01-24,-0.1382461247497988
2013-01-25,-0.1749737799124228
2013-01-28,0.20359403430194623
2013-01-29,0.009142514794517442
2013-01-30,0.010096994429772188
2013-01-31,-0.010890873072295415
2013-02-01,-0.07448875489767615
2013-02-04,-0.17147539390788114
2013-02-05,0.232054132885134
2013-02-06,0.026791595615381913
2013-02-07,0.091820195224251
2013-02-08,0.02838113364601358
2013-02-11,0.06733572246323094
2013-02-12,-0.1717934795885675
2013-02-13,0.009619754612144815
2013-02-14,0.045711794896393876
2013-02-15,-0.12536665969022476
2013-02-19,-0.004848469401866451
2013-02-20,-0.12775185710896797
2013-02-21,0.01375364419846159
2013-02-22,0.037602613377705874
2013-02-25,-0.1628903081307581
2013-02-26,0.0946821872742234
2013-02-27,-0.048573007870171936
2013-02-28,-0.02933394383227983
2013-03-01,-0.10692358893024034
2013-03-04,-0.11042164104498509
2013-03-05,0.1663886941352981
2013-03-06,-0.12791101124590987
2013-03-07,0.10946883085871817
2013-03-08,0.04332659747765155
2013-03-11,0.14190366489128148
2013-03-12,-0.1012000500166923
2013-03-13,0.011209737829174005
2013-03-14,0.007552531577488253
2013-03-15,0.1039041121923141
2013-03-18,0.23968607458619462
2013-03-19,-0.06685759227281152
2013-03-20,-0.07210355747893449
2013-03-21,0.052707008753088536
2013-03-22,0.12934306458858758
2013-03-25,-0.004848469401866451
2013-03-26,-0.055568444320065136
2013-03-27,-0.05684045315300923
2013-03-28,-0.1010408958797504
2013-04-01,-0.19373482505649375
2013-04-02,0.047619863794107875
2013-04-03,0.0226571495460679
2013-04-04,-0.08323343999813937
2013-04-05,-0.007869726885380457
2013-04-08,0.03442309213004435
2013-04-09,0.022657260842667615
2013-04-10,0.13347695417490502
2013-04-11,0.02249844059552286
2013-04-12,-0.05636276814898433
2013-04-15,-0.10088163044620968
2013-04-16,0.08705069075956029
2013-04-17,-0.26496453728633695
2013-04-18,-0.19294005604117803
2013-04-19,0.053502556844597926
2013-04-22,0.10867406184340145
2013-04-23,0.04682464959239474
2013-04-24,0.2023215802826046
2013-04-25,-0.0325139102663381
2013-04-26,0.13029698774084597
2013-04-29,0.16654795956883883
2013-04-30,0.1349077832549923
2013-05-01,-0.0694008308625037
2013-05-02,0.0722640471750664
2013-05-03,-0.008346076330212893
2013-05-06,0.09229743504187837
2013-05-07,-0.08752614983160012
2013-05-08,0.08911746860782022
2013-05-09,-0.03553505645325239
2013-05-10,-0.0666979929494722
2013-05-13,0.06415564473257351
2013-05-14,-0.14603644151160766
2013-05-15,-0.15112436554678088
2013-05-16,0.19310054573730917
2013-05-17,-0.07925825936236852
2013-05-20,0.18801262170213495
2013-05-21,0.03680795565898909
2013-05-22,-0.030129158033993186
2013-05-23,0.11121763432289211
2013-05-24,0.08116744122607455
2013-05-28,-0.121710232514735
2013-05-29,0.09150222084016524
2013-05-30,0.10708363343997629
2013-05-31,-0.031241790136795844
2013-06-03,0.012641012095657267
2013-06-04,-0.04936733169909191
2013-06-05,0.004213744896285121
2013-06-06,-0.09865614364740549
2013-06-07,0.0972262049401107
2013-06-10,-0.08005347356408177
2013-06-11,0.042372674325393156
2013-06-12,-0.1034256481120962
2013-06-13,0.06781207190806415
2013-06-14,-0.07226271161587627
2013-06-17,0.02170367158020703
2013-06-18,0.016138507727405438
2013-06-19,-0.12075630936247661
2013-06-20,-0.026313131535163348
2013-06-21,-0.06653872751593148
2013-06-24,-0.06447206096427138
2013-06-25,-0.036011851084483126
2013-06-26,-0.0798946533169369
2013-06-27,-0.07417066921699211
2013-06-28,0.09500016165831004
2013-07-01,0.11662353274215209
2013-07-02,0.148422418006543
2013-07-03,0.011845797893945464
2013-07-05,-0.03442186786745394
2013-07-08,-0.06765158221193213
2013-07-09,0.15192047012128684
2013-07-10,0.030766331064756125
2013-07-11,0.08180350129084535
2013-07-12,-0.005325709219493935
2013-07-15,0.051435778996339554
2013-07-16,0.07131001272620896
2013-07-17,0.02249844059552375
2013-07-18,-0.012957650920554564
2013-07-19,-0.11678146261650268
2013-07-22,-0.03728385991742633
2013-07-23,-0.09865603235080567
2013-07-24,0.03792103294818916
2013-07-25,-0.02217913065224686
2013-07-26,0.10326805212754242
2013-07-29,0.12393750005912607
2013-07-30,0.06622242258083255
2013-07-31,-0.026313465424959492
2013-08-01,0.027586364630696858
2013-08-02,0.08482431358796116
2013-08-05,0.08848140854304787
2013-08-06,-0.031241901433394892
2013-08-07,0.031561211376670784
2013-08-08,-0.03251391026633732
2013-08-09,-0.05381930696609416
2013-08-12,0.17974461993630353
2013-08-13,0.3090070501387283
2013-08-14,0.022657260842667615
2013-08-15,0.036489424791906755
2013-08-16,0.047461043546965564
2013-08-19,0.0668583713490043
2013-08-20,-0.12457177937831077
2013-08-21,-0.00675642700298229
2013-08-22,-0.0193175837886711
2013-08-23,-0.022974010964162406
2013-08-26,0.048096992315135534
2013-08-27,-0.1368152956697115
2013-08-28,0.09070700663845188
2013-08-29,0.013594490061518139
2013-08-30,-0.06319960694493132
2013-09-03,-0.05906605124841313
2013-09-04,-0.001032554199634883
2013-09-05,-0.06638046375178308
2013-09-06,0.00930222541445569
2013-09-09,0.031401612053331585
2013-09-10,-0.1709985992766504
2013-09-11,0.023929158379011106
2013-09-12,0.0794186377619015
2013-09-13,-0.05779404241546915
2013-09-16,-0.16018680243813044
2013-09-17,0.1298201931096159
2013-09-18,0.036649135411845
2013-09-19,0.03823867344247822
2013-09-20,-0.15557589562738583
2013-09-23,-0.07401140378345139
2013-09-24,-0.07909955041182182
2013-09-25,-0.10914918702564358
2013-09-26,0.016297216677950477
2013-09-27,-0.0035764605689240225
2013-09-30,0.004849359774659945
2013-10-01,0.16400438708934995
2013-10-02,0.0752843029891872
2013-10-03,-0.1000873066172906
2013-10-04,-0.00039649413486408935
2013-10-07,0.031720810700010205
2013-10-08,-0.1302966538510506
2013-10-09,0.043803948591877084
2013-10-10,-0.013911240183014484
2013-10-11,0.10533482997580235
2013-10-14,0.11153516352057968
2013-10-15,0.03140150075673254
2013-10-16,0.01788764508137719
2013-10-17,0.08466538204421892
2013-10-18,0.05890812137406165
2013-10-21,0.16527628462569344
2013-10-22,-0.09118335608328587
2013-10-23,0.10756053936780541
2013-10-24,0.12266549122618287
2013-10-25,-0.07242108667662372
2013-10-28,0.026155646847208613
2013-10-29,-0.2986714914484434
2013-10-30,0.0969082305560256
2013-10-31,-0.02376955905567346
2013-11-01,-0.05063934053203434
2013-11-04,0.10263210335937001
2013-11-05,0.026631996292040938
2013-11-06,-0.03855542356397135
2013-11-07,-0.09992770729395128
2013-11-08,0.10787884764168743
2013-11-11,-0.0021456314888350647
2013-11-12,0.05000417084005537
2013-11-13,0.054615745430397045
2013-11-14,0.09786259889467996
2013-11-15,-0.012480522399527683
2013-11-18,-0.08832180921971011
2013-11-19,0.02106761151543557
2013-11-20,-0.054455367030864954
2013-11-21,0.06908396944440831
2013-11-22,0.017251696313205445
2013-11-25,0.05604657451048434
2013-11-26,0.16034718083766264
2013-11-27,0.16622998518475374
2013-11-29,0.11757667681821515
2013-12-02,-0.09483967196217813
2013-12-03,0.14031379297085134
2013-12-04,0.004850250147453217
2013-12-05,-0.06272314620349839
2013-12-06,-0.07894073016467851
2013-12-09,0.10072403446165668
2013-12-10,0.044121366492967384
2013-12-11,-0.07687384101982042
2013-12-12,-0.01264001042626639
2013-12-13,-0.12107428374656326
2013-12-16,0.05223054801165539
2013-12-17,-0.00023778518431982754
2013-12-18,0.02981196272610087
2013-12-19,-0.06733394171764395
2013-12-20,0.06987884975632386
2013-12-23,0.04602943539068205
2013-12-24,-0.022497550222731033
2013-12-26,-0.053978127213239024
2013-12-27,-0.046505673538917214
2013-12-30,-0.033945518422620724
2013-12-31,0.12171112288752695
2014-01-02,-0.02774429450504845
2014-01-03,-0.1760865233118245
2014-01-06,0.11582842983703778
2014-01-07,-0.05525002474958263
2014-01-08,0.086733050265273
2014-01-09,-0.15064757091555103
2014-01-10,-0.09674762956329241
2014-01-13,0.1053349412724014
2014-01-14,0.1426988790929955
2014-01-15,0.07385358520569896
2014-01-16,0.0024650527287100044
2014-01-17,-0.1590743929285272
2014-01-21,0.1412673822333128
2014-01-22,0.02233884127218344
2014-01-23,0.11201240333820706
2014-01-24,-0.11328352179835777
2014-01-27,0.019636782435348055
2014-01-28,-0.02313349899090278
2014-01-29,-0.03807907411913891
2014-01-30,-0.031083081186250028
2014-01-31,0.09897489710768426
2014-02-03,-0.004372119957032461
2014-02-04,0.05954496051502689
2014-02-05,0.10867361665700548
2014-02-06,0.051753419490628616
2014-02-07,-0.014229659753496993
2014-02-10,0.1770418933198712
2014-02-11,0.09786170852188669
2014-02-12,-0.0035773509417174054
2014-02-13,0.16813794278586802
2014-02-14,0.036967554982329176
2014-02-18,0.012640900799058219
2014-02-19,-0.10453839151149791
2014-02-20,-0.01645514655230207
2014-02-21,-0.10708240917738443
2014-02-24,0.08275742444310308
2014-02-25,-0.10358480224903799
2014-02-26,-0.08673138081628351
2014-02-27,0.18022185975393112
2014-02-28,-0.03235509001919401
2014-03-03,0.08180394647724376
2014-03-04,0.016615636248433097
2014-03-05,0.03569554614938508
2014-03-06,-0.019635224282959274
2014-03-07,0.0024649414321127328
2014-03-10,0.05350177776840348
2014-03-11,0.022974790040356963
2014-03-12,0.04618814434122642
2014-03-13,-0.0951580915326623
2014-03-14,-0.052388589182605805
2014-03-17,-0.00246338327972373
2014-03-18,0.10024690594062835
2014-03-19,-0.0030993320478939212
2014-03-20,-0.006120478234810545
2014-03-21,0.027745184877841833
2014-03-24,0.025042346964810447
2014-03-25,0.06828920042909181
2014-03-26,-0.09436332251734414
2014-03-27,-0.02790311475219165
2014-03-28,-0.010413633254668042
2014-03-31,-0.026790816539187468
2014-04-01,0.0746483542210139
2014-04-02,0.015502447662635532
2014-04-03,-0.028539174816963997
2014-04-04,-0.11423711106081769
2014-04-07,-0.05954329106603906
2014-04-08,-0.015024428768813602
2014-04-09,0.13490822844138917
2014-04-10,-0.10167684464792226
2014-04-11,0.02249844059552286
2014-04-14,0.009301335041662195
2014-04-15,-0.023928268006217834
2014-04-16,0.028063604448324453
2014-04-17,0.09134384577941845
2014-04-21,0.1054945405957406
2014-04-22,0.06669966239846015
2014-04-23,-0.055727264567208445
2014-04-24,0.005803839409913136
2014-04-25,0.13061496212493107
2014-04-28,0.35130031434054976
2014-04-29,-0.00961897553595037
2014-04-30,-0.02774429450504845
2014-05-01,0.004532720949764091
2014-05-02,0.01661563624843465
2014-05-05,0.1848317648952833
2014-05-06,-0.10469721175864277
2014-05-07,-0.033627098852138104
2014-05-08,0.008666165349683341
2014-05-09,0.028699664513095025
2014-05-12,0.09770377864753677
2014-05-13,0.04078358148115813
2014-05-14,0.035694767073190636
2014-05-15,-0.08068986751864948
2014-05-16,0.15398813834234093
2014-05-19,0.1199627646097503
2014-05-20,0.01597968748026135
2014-05-21,0.05223054801165383
2014-05-22,0.023451918561383733
2014-05-23,0.12218836270515432
2014-05-27,0.16782030229157985
2014-05-28,-0.01915798446533179
2014-05-29,0.13252303102264573
2014-05-30,-0.06637946208239065
2014-06-02,-0.07162631766130867
2014-06-03,0.15716721440360426
2014-06-04,0.13013783360390407
2014-06-05,0.03108397155904341
2014-06-06,-0.05604479376489757
2014-06-09,0.12409632030627016
2014-06-10,-0.0406229804884265
2014-06-11,-0.01724991556761868
2014-06-12,-0.18196932765891416
2014-06-13,-0.08959292767985916
2014-06-16,0.08959381805265254
2014-06-17,-0.012798051597215254
2014-06-18,0.0027833610025951305
2014-06-19,-0.03505781663562646
2014-06-20,-0.09181841447866423
2014-06-23,-0.04173538999803117
2014-06-24,-0.03950979190262727
2014-06-25,0.029494433528411745
2014-06-26,0.0717868073574397
2014-06-27,0.141904110077679
2014-06-30,0.10517612102525797
2014-07-01,0.012799721046203194
2014-07-02,-0.030605952665223146
2014-07-03,0.05286660807642618
2014-07-07,0.2164727202853236
2014-07-08,-0.08959303897645976
2014-07-09,0.007234557193401603
2014-07-10,0.15525925680248998
2014-07-11,-0.0027818028502063497
2014-07-14,0.07846426942324558
2014-07-15,-0.15191957974849502
2014-07-16,-0.23094005392654138
2014-07-17,-0.20311601540812518
2014-07-18,0.10294963255706069
2014-07-21,-0.10406126299046947
2014-07-22,0.01725169631320389
2014-07-23,0.20979514692291867
2014-07-24,0.011686532460403853
2014-07-25,0.10406293243945886
2014-07-28,0.1463553062684868
2014-07-29,-0.09293260473385578
2014-07-30,-0.019476292739217027
2014-07-31,-0.16082364157909712
2014-08-01,0.14969398165308956
2014-08-04,-0.07401240545284371
2014-08-05,-0.013911240183014484
2014-08-06,0.03617189559421741
2014-08-07,-0.03728341473103047
2014-08-08,0.06622164350463833
2014-08-11,0.09293338381005012
2014-08-12,0.0050089590979975895
2014-08-13,0.13411256905327895
2014-08-14,0.03171992032721671
2014-08-15,0.021703560283607315
2014-08-18,0.08736911033004358
2014-08-19,0.13745135573448208
2014-08-20,0.027268056356811732
2014-08-21,0.013912909632002313
2014-08-22,0.12743510698747174
2014-08-25,-0.015024428768813602
2014-08-26,-0.04618736526503353
2014-08-27,0.1363389462248774
2014-08-28,0.08625592174424446
2014-08-29,-0.027267165984019903
2014-09-02,0.03951146135161676
2014-09-03,-0.45019368668927784
2014-09-04,-0.0684462399306498
2014-09-05,0.031719920327215156
2014-09-08,-0.09181930485145917
2014-09-09,-0.10851401733366628
2014-09-10,0.34557633024060497
2014-09-11,0.12632180710507512
2014-09-12,0.06288374719623002
2014-09-15,-0.11853037737727412
2014-09-16,0.13077389366867487
2014-09-17,0.047302223299819035
2014-09-18,-0.0027816915536074127
2014-09-19,-0.1352249785628854
2014-09-22,-0.06956031888924397
2014-09-23,0.2398448948333396
2014-09-24,-0.032832329836821494
2014-09-25,-0.28102318970377493
2014-09-26,0.2598782827001507
2014-09-29,0.17529264466930128
2014-09-30,0.0061221476837982625
2014-10-01,-0.14412803872409352
2014-10-02,0.08291713506304133
2014-10-03,0.03283322020961332
2014-10-06,-0.02392748893002339
2014-10-07,-0.06288196645064326
2014-10-08,0.2398448948333396
2014-10-09,-0.04507495575542875
2014-10-10,0.01725169631320389
2014-10-13,-0.15637155501549582
2014-10-14,-0.16972659044370786
2014-10-15,-0.035057816635624905
2014-10-16,0.091820195224251
2014-10-17,0.03171992032721671
2014-10-20,0.17306704657389882
2014-10-21,-0.048412963360437544
2014-10-22,0.029494433528411745
2014-10-23,0.09627217049125347
2014-10-24,0.01725169631320389
2014-10-27,0.041737170743618046
2014-10-28,0.16193671886829586
2014-10-29,0.08959370675605371
2014-10-30,0.015026098217801431
2014-10-31,0.011686532460403853
2014-11-03,0.14412981946968184
2014-11-04,-0.07178602828124536
2014-11-05,-0.013911128886415436
2014-11-06,0.023929269675610154
2014-11-07,0.041737059447019
2014-11-10,-0.008346076330214447
2014-11-11,0.12409632030627016
2014-11-12,0.22092469555232586
2014-11-13,0.1263219184016724
2014-11-14,0.12743499569087424
2014-11-17,-0.018363215450016845
2014-11-18,0.1830834066175051
2014-11-19,-0.07289910557044554
2014-11-20,0.16861429223070057
2014-11-21,-0.10294885348086624
2014-11-24,0.21090755643252357
2014-11-25,-0.15080650245929328
2014-11-26,0.13077389366867487
2014-11-28,-0.025040788812421555
2014-12-01,-0.40344933759324897
2014-12-02,0.13856454432028142
2014-12-03,0.03283310891301583
2014-12-04,-0.018363215450016845
2014-12-05,-0.09738368962806476
2014-12-08,-0.17640405250951363
2014-12-09,0.4501954674348647
2014-12-10,-0.2609906922097571
2014-12-11,-0.058429991183640895
2014-12-12,-0.06844635122724874
2014-12-15,-0.26210221134656686
2014-12-16,0.055092094875231146
2014-12-17,0.2676690446483563
2014-12-18,0.0996109571724566
2014-12-19,-0.0406229804884265
2014-12-22,0.09961084587585756
2014-12-23,-0.06399515503644082
2014-12-24,-0.05063934053203434
2014-12-26,0.22315029364772987
2014-12-29,0.026155646847208613
2014-12-30,-0.11185269271827047
2014-12-31,-0.2587643150381571
2015-01-02,-0.21647093953973828
2015-01-05,-0.21424545274093332
2015-01-06,-0.018363215450016845
2015-01-07,0.07401318452903816
2015-01-08,0.3088482298915851
2015-01-09,-0.0606555892790448
2015-01-12,-0.36004366388182285
2015-01-13,-0.12186905276187987
2015-01-14,0.09738535907705259
2015-01-15,-0.3411234646008108
2015-01-16,-0.10294885348086624
2015-01-20,0.11074128487805801
2015-01-21,0.07957834838183975
2015-01-22,0.25097444346274655
2015-01-23,0.08848140854304787
2015-01-26,-0.05843010248023983
2015-01-27,-0.35225301323021785
2015-01-28,-0.2454082779405542
2015-01-29,0.29994516973037544
2015-01-30,-0.12520783944308145
2015-02-02,0.07735108083744624
2015-02-03,0.029494433528411745
2015-02-04,0.13077389366867487
2015-02-05,0.003896549588394471
2015-02-06,-0.10851323825747183
2015-02-09,0.14301651958728212
2015-02-10,0.2186983183807274
2015-02-11,0.24763554548494437
2015-02-12,0.057318472046829605
2015-02-13,-0.009459264916013677
2015-02-17,0.05064100998102217
2015-02-18,0.13411345942607245
2015-02-19,0.00946093436499984
2015-02-20,0.11074128487805956
2015-02-23,0.34446314165480585
2015-02-24,-0.07289910557044554
2015-02-25,-0.2954924153871785
2015-02-26,0.19421373432310673
2015-02-27,-0.15859626273810634
2015-03-02,-0.005008180021803144
2015-03-03,0.05731769297063671
2015-03-04,-0.0495278213952246
2015-03-05,-0.22871367675494458
2015-03-06,-0.18753371243551975
2015-03-09,-0.07846349034705113
2015-03-10,-0.19866404014112282
2015-03-11,-0.26655496568976367
2015-03-12,0.2509743321661475
2015-03-13,-0.07735119213404684
2015-03-16,0.131887082254474
2015-03-17,0.13967773290608054
2015-03-18,0.1764058332551004
2015-03-19,-0.12632102802888068
2015-03-20,-0.24874706462175578
2015-03-23,0.022815969793211988
2015-03-24,-0.047300553850831206
2015-03-25,-0.3388979778020058
2015-03-26,0.1775182427647053
2015-03-27,-0.13411178997708462
2015-03-30,0.27100783132955786
2015-03-31,-0.17195218853911032
2015-04-01,-0.05063934053203434
2015-04-02,0.045075846128220576
2015-04-06,0.33333359302539867
2015-04-07,-0.16861340185790874
2015-04-08,-0.015024428768813602
2015-04-09,0.09182030652085005
2015-04-10,0.14079092149187988
2015-04-13,-0.15637077593929982
2015-04-14,-0.0651075645460456
2015-04-15,0.05397890628943203
2015-04-16,0.0005569838309968933
2015-04-17,-0.07623789225164868
2015-04-20,0.23873159495094143
2015-04-21,-0.11964345466647597
2015-04-22,0.19421284395031324
2015-04-23,0.16527550554949744
2015-04-24,-0.010573232578005687
2015-04-27,0.05064011960822712
2015-04-28,-0.42125801773744975
2015-04-29,-0.15637166631209476
2015-04-30,-0.3756250764816317
2015-05-01,0.3299949176407946
2015-05-04,-0.07623789225164868
2015-05-05,-0.24874628554555978
2015-05-06,-0.15970956262050295
2015-05-07,0.06733561116663189
2015-05-08,0.11741885824046272
2015-05-11,-0.10628752886547044
2015-05-12,0.042850359329417165
2015-05-13,-0.0027818028502063497
2015-05-14,0.18419570483051095
2015-05-15,-0.020589592621615194
2015-05-18,0.21424623181712454
2015-05-19,-0.05620361401204088
2015-05-20,0.019477294408609458
2015-05-21,0.15971034169669585
2015-05-22,0.11741707749487595
2015-05-26,-0.3188653690113906
2015-05-27,0.20200360589851885
2015-05-28,0.003895770512198471
2015-05-29,-0.0929317143610624
2015-06-01,0.041736169074225726
2015-06-02,0.023930048751803046
2015-06-03,-0.04730144422362614
2015-06-04,-0.01168564208761047
2015-06-05,-0.08180305610445027
2015-06-08,-0.10962553647047601
2015-06-09,0.0929333838100519
2015-06-10,0.11964523541206273
2015-06-11,-0.052864938627436686
2015-06-12,-0.10072325538546067
2015-06-15,0.10406293243945886
2015-06-16,0.07623867132784157
2015-06-17,-0.033944628049825676
2015-06-18,0.08514184278565184
2015-06-19,-0.11073961542907018
2015-06-22,0.026155646847208613
2015-06-23,-0.037284193807223254
2015-06-24,0.11296688297346358
2015-06-25,-0.13856376524408853
2015-06-26,-0.08959292767986082
2015-06-29,-0.09070611626565839
2015-06-30,-0.0027818028502047953
2015-07-01,-0.02058970391821413
2015-07-02,0.013912909632002313
2015-07-06,0.13077389366867487
2015-07-07,-0.009459264916012122
2015-07-08,-0.199777117430323
2015-07-09,-0.4079012015636524
2015-07-10,0.16193683016489469
2015-07-13,0.08291713506304133
2015-07-14,-0.03505781663562646
2015-07-15,0.13522586893567712
2015-07-16,0.09849776858665726
2015-07-17,0.07289910557044244
2015-07-20,0.13522664801187312
2015-07-21,-0.22092380517953403
2015-07-22,0.372288070546017
2015-07-23,-0.1029479631080713
2015-07-24,-0.07846349034705113
2015-07-27,-0.022815079420418605
2015-07-28,0.012799721046203194
2015-07-29,-0.005008180021804698
2015-07-30,0.018364884899004563
2015-07-31,-0.13188530150888722
2015-08-03,-0.32776765009640263
2015-08-04,-0.29660471360018437
2015-08-05,0.28547694571636417
2015-08-06,-0.08068986751864948
2015-08-07,0.117417967867671
2015-08-10,0.3678360952790145
2015-08-11,-0.4680015877572856
2015-08-12,0.31441339374438515
2015-08-13,-0.08625414099865758
2015-08-14,0.19532603253611414
2015-08-17,0.13745224610727558
2015-08-18,0.020590482994407022
2015-08-19,-0.10851312696087279
2015-08-20,-0.14635441589569187
2015-08-21,-0.5069551749051121
2015-08-24,0.930996664941756
2015-08-25,-0.8074565493902883
2015-08-26,0.3021715469019737
2015-08-27,0.0895938180526541
2015-08-28,0.13745224610727558
2015-08-31,0.09404657239584946
2015-09-01,-0.25765112645235944
2015-09-02,0.24763476640874993
2015-09-03,-0.223148512902143
2015-09-04,0.046188255637827025
2015-09-08,0.07512559403864127
2015-09-09,-0.38898100228263877
2015-09-10,0.26878223323415384
2015-09-11,0.282137268662366
2015-09-14,-0.12854740520047903
2015-09-15,0.05175341949062684
2015-09-16,0.030607622114210864
2015-09-17,-0.18085702944590842
2015-09-18,0.15080728153548772
2015-09-21,0.18419659520330445
2015-09-22,0.01502620951440048
2015-09-23,0.08959470842544603
2015-09-24,0.20756876975132044
2015-09-25,-0.1797437295635118
2015-09-28,-0.14412803872409352
2015-09-29,-0.40678890335064666
2015-09-30,0.027268835433007732
2015-10-01,0.0695612092620359
2015-10-02,0.27657210480956596
2015-10-05,0.11296688297346202
2015-10-06,0.08848151983964692
2015-10-07,-0.09404490294686152
2015-10-08,-0.06399515503644237
2015-10-09,0.24874884536734254
2015-10-12,-0.11296599260066864
2015-10-13,0.12075753362506858
2015-10-14,-0.1074008287478686
2015-10-15,0.1163056696546636
2015-10-16,-0.06955953981304797
2015-10-19,0.11630555835806455
2015-10-20,0.2832505685447657
2015-10-21,-0.013911240183014484
2015-10-22,0.14301651958728367
2015-10-23,0.27768618376815857
2015-10-26,-0.29883109077178116
2015-10-27,-0.08180227702825427
2015-10-28,0.27323342942496187
2015-10-29,0.21647272028532516
2015-10-30,-0.15303198925809824
2015-11-02,0.055092094875231146
2015-11-03,0.21090755643252201
2015-11-04,-0.11296510222787515
2015-11-05,-0.09070611626565839
2015-11-06,0.007234557193401603
2015-11-09,-0.030605841368624098
2015-11-10,-0.001669393340601566
2015-11-11,-0.016137617354612832
2015-11-12,-0.04730055385083276
2015-11-13,-0.30550866413418754
2015-11-16,0.324430532864189
2015-11-17,-0.12409465085728222
2015-11-18,0.18308340661750688
2015-11-19,0.1396778442026796
2015-11-20,0.023930048751806154
2015-11-23,-0.15637077593930138
2015-11-24,0.18530889341631185
2015-11-25,-0.11853026608067518
2015-11-27,-0.04062298048842805
2015-11-30,0.04730222329982059
2015-12-01,-0.14412892909688846
2015-12-02,-0.10517434027966965
2015-12-03,-0.13745135573448375
2015-12-04,0.42904877968565525
2015-12-07,-0.06510834362224005
2015-12-08,0.09182097430044545
2015-12-09,-0.21201896427273592
2015-12-10,0.02726794506021446
2015-12-11,-0.21090666605973007
2015-12-14,0.046189034714019916
2015-12-15,-0.14858079306729188
2015-12-16,0.042849357660024845
2015-12-17,-0.32554127292480584
2015-12-18,-0.3077350413057859
2015-12-21,0.01836488489900301
2015-12-22,-0.006120589531409482
2015-12-23,0.16193760924108913
2015-12-24,-0.09515809153266075
2015-12-28,-0.07289821519765216
2015-12-29,0.21090755643252357
2015-12-30,-0.1274342166146799
2015-12-31,-0.18196932765891416
2016-01-04,0.31775206912898923
2016-01-05,-0.3255420520010003
2016-01-06,0.02838113364601358
2016-01-07,-0.2353920291935453
2016-01-08,-0.16416231696370132
2016-01-11,-0.036171005221424135
2016-01-12,-0.05286571770363435
2016-01-13,-0.31329942608239136
2016-01-14,0.18642219329871001
2016-01-15,0.11630555835806611
2016-01-19,-0.18196932765891416
2016-01-20,0.20089130768551455
2016-01-21,-0.07178513790845031
2016-01-22,0.32331734427838965
2016-01-25,-0.21869664893173968
2016-01-26,0.019477294408607904
2016-01-27,-0.27879770290496997
2016-01-28,0.04618814434122642
2016-01-29,0.29660549267637726
2016-02-01,0.008347745779202276
2016-02-02,-0.09181852577526473
2016-02-03,0.16304990745409498
2016-02-04,0.09515887060885508
2016-02-05,-0.26544177710396444
2016-02-08,0.22203788413812497
2016-02-09,0.09070700663845188
2016-02-10,-0.1708397790295071
2016-02-11,0.0027825819263991303
2016-02-12,-0.009460043992208123
2016-02-16,0.19310043444071012
2016-02-17,0.17418034645629543
2016-02-18,-0.2743448372651741
2016-02-19,0.017251696313205445
2016-02-22,0.07623867132784312
2016-02-23,-0.17751746368851085
2016-02-24,0.24874795499454927
2016-02-25,0.091820195224251
2016-02-26,-0.019475513663021027
2016-02-29,-0.006120589531407927
2016-03-01,0.33333359302539867
2016-03-02,0.03951068227542076
2016-03-03,0.11519236977226699
2016-03-04,0.08402943327604717
2016-03-07,-0.045074065382635364
2016-03-08,0.04062387086121988
2016-03-09,-0.008346076330212893
2016-03-10,-0.013912130555807867
2016-03-11,0.015026098217801431
2016-03-14,0.0806898675186496
2016-03-15,0.0818039464772422
2016-03-16,0.1641630960398941
2016-03-17,0.04396343661861746
2016-03-18,-0.033944628049825676
2016-03-21,0.010574234247398229
2016-03-22,0.1764058332551004
2016-03-23,-0.02615475647441523
2016-03-24,0.03505870700841984
2016-03-28,-0.0773503017612519
2016-03-29,0.32331734427838965
2016-03-30,0.11407918118646632
2016-03-31,-0.06844713030344318
2016-04-01,0.1474684948542846
2016-04-04,0.09070789701124515
2016-04-05,0.04618825563782547
2016-04-06,0.09404579331965501
2016-04-07,-0.14412803872409352
2016-04-08,-0.015024428768813602
2016-04-11,0.018364105822810117
2016-04-12,0.13522664801187312
2016-04-13,0.15080728153548772
2016-04-14,0.06622153220803928
2016-04-15,-0.2387309271713458
2016-04-18,-0.14412803872409508
2016-04-19,-0.09515720115986737
2016-04-20,0.06733483209043745
2016-04-21,-0.09404490294686318
2016-04-22,0.0873682199572503
2016-04-25,0.02170367158020614
2016-04-26,0.06176955694103681
2016-04-27,0.21535953169952426
2016-04-28,-0.29660471360018437
2016-04-29,-0.015024428768813602
2016-05-02,-0.02392837930281677
2016-05-03,0.1218707222108677
2016-05-04,-0.09960928772346711
2016-05-05,-0.07178591698464631
2016-05-06,-0.05954329106603906
2016-05-09,-0.010572453501811241
2016-05-10,0.022815969793213542
2016-05-11,-0.09515809153266075
2016-05-12,-0.2520867416757524
2016-05-13,0.07067361877164058
2016-05-16,0.1786314313505044
2016-05-17,-0.1051752306524647
2016-05-18,0.057317692970633605
2016-05-19,-0.03617100522142569
2016-05-20,0.07735197121023973
2016-05-23,0.075125482742044
2016-05-24,0.08848151983964847
2016-05-25,0.11853204682626206
2016-05-26,0.09404668369244829
2016-05-27,0.11407918118646632
2016-05-31,0.041737170743618046
2016-06-01,-0.049526151946236774
2016-06-02,0.026155646847208613
2016-06-03,0.02726794506021446
2016-06-06,0.08402943327604717
2016-06-07,-0.01168564208761047
2016-06-08,0.003896549588394471
2016-06-09,0.1407910327884787
2016-06-10,0.046189034714019916
2016-06-13,-0.13745135573448375
2016-06-14,0.02838113364601358
2016-06-15,-0.06288207774724064
2016-06-16,0.13522664801187312
2016-06-17,-0.13077300329588304
2016-06-20,-0.08736744088105586
2016-06-21,0.12075764492166585
2016-06-22,-0.0651075645460456
2016-06-23,0.030606731741416038
2016-06-24,0.06733483209043745
2016-06-27,-0.09404490294686152
2016-06-28,0.08959370675605371
2016-06-29,0.06065737002463156
2016-06-30,0.141903331001483
2016-07-01,0.057318472046829605
2016-07-05,-0.03171902995442333
2016-07-06,0.11630566965466516
2016-07-07,0.03951146135161676
2016-07-08,0.03394629749881517
2016-07-11,0.038398272765815866
2016-07-12,0.04062387086121988
2016-07-13,-0.04730055385083276
2016-07-14,0.16861518260349562
2016-07-15,-0.0027816915536074127
2016-07-18,0.1385654346930747
2016-07-19,0.04730222329982059
2016-07-20,0.008347745779200721
2016-07-21,-0.03171914125102071
2016-07-22,-0.05397801591663853
2016-07-25,-0.08848062946685498
2016-07-26,-0.003894991436003914
2016-07-27,-0.13411178997708617
2016-07-28,0.18085691814930938
2016-07-29,0.015025319141605431
2016-08-01,0.19532603253611414
2016-08-02,-0.16193593979210297
2016-08-03,0.1218707222108677
2016-08-04,0.04507584612822213
2016-08-05,0.14746927393047904
2016-08-08,0.10740249819685488
2016-08-09,0.07735119213404529
2016-08-10,-0.06622075313184483
2016-08-11,-0.05286493862743835
2016-08-12,0.057318472046829605
2016-08-15,0.16193760924108913
2016-08-16,-0.015024428768813602
2016-08-17,0.026155646847208613
2016-08-18,-0.0038948801394065313
2016-08-19,0.07846515979603885
2016-08-22,-0.026153977398220785
2016-08-23,0.041737059447019
2016-08-24,-0.047300553850831206
2016-08-25,0.03283322020961332
2016-08-26,-0.039509903199226204
2016-08-29,0.03505870700841829
2016-08-30,0.03505870700841829
2016-08-31,0.06176955694103681
2016-09-01,0.07846515979603885
2016-09-02,0.016139286803600772
2016-09-06,-0.00946015528880706
2016-09-07,0.0717868073574397
2016-09-08,-0.17974372956351026
2016-09-09,-0.1552583664296966
2016-09-12,0.3233172329817908
2016-09-13,0.061769668237635855
2016-09-14,0.3511407150172121
2016-09-15,0.20311679448431796
2016-09-16,-0.009460155288805505
2016-09-19,-0.16638780376250628
2016-09-20,0.07067361877163902
2016-09-21,-0.020588702248820256
2016-09-22,0.042850359329417165
2016-09-23,-0.17751735239191335
2016-09-26,0.15080728153548772
2016-09-27,0.022815969793211988
2016-09-28,0.041736280370823
2016-09-29,-0.09627139141505892
2016-09-30,0.07846515979604063
2016-10-03,-0.008346855406407339
2016-10-04,0.0061221476837982625
2016-10-05,-0.026153977398220785
2016-10-06,0.03394629749881517
2016-10-07,-0.015024428768813602
2016-10-10,0.12743588606366774
2016-10-11,-0.1430148501382943
2016-10-12,0.011686532460403853
2016-10-13,0.033946297498813616
2016-10-14,-0.015024428768813602
2016-10-17,0.0372850841800183
2016-10-18,-0.06622075313184639
2016-10-19,-0.001668502967808183
2016-10-20,0.03505870700841829
2016-10-21,-0.010572564798410289
2016-10-24,0.0740132958256372
2016-10-25,0.04618903471402147
2016-10-26,0.15525914550589115
2016-10-27,-0.0884797390940616
2016-10-28,-0.0038949914360055793
2016-10-31,0.0005569838309968933
2016-11-01,-0.20645469079272782
2016-11-02,0.03394540712602012
2016-11-03,-0.1151914793994736
2016-11-04,0.04730133292702554
2016-11-07,0.0495278213952246
2016-11-08,0.09627217049125347
2016-11-09,0.12409632030627016
2016-11-10,-0.35447850002902126
2016-11-11,0.15859793218709428
2016-11-14,-0.20979347747393096
2016-11-15,0.07289999594323904
2016-11-16,0.37896564390842324
2016-11-17,0.02838113364601358
2016-11-18,0.05064023090482772
2016-11-21,0.191987245854911
2016-11-22,-0.003894101063210531
2016-11-23,-0.00166861426440712
2016-11-25,0.08625592174424446
2016-11-28,0.028381244942611072
2016-11-29,0.08848140854304787
2016-11-30,-0.10740071745126811
2016-12-01,-0.08514184278565184
2016-12-02,0.09404668369244829
2016-12-05,-0.08625414099865758
2016-12-06,0.06288285682343497
2016-12-07,0.20979436784672445
2016-12-08,0.15303365870708618
2016-12-09,0.19532603253611414
2016-12-12,0.013912909632002313
2016-12-13,0.16305079782689003
2016-12-14,0.029494322231812697
2016-12-15,0.06177055861042935
2016-12-16,-0.0428485785838304
2016-12-19,0.10628841923826227
2016-12-20,0.03617189559421741
2016-12-21,0.041736280370823
2016-12-22,0.00612225898039731
2016-12-23,0.11630566965466516
2016-12-27,0.09515976098164858
2016-12-28,-0.07178513790845187
2016-12-29,0.04396343661861746
2016-12-30,-0.07957667893285192
2017-01-03,0.05175341949062684
2017-01-04,0.03172003162381576
2017-01-05,0.08959470842544603
2017-01-06,0.1385654346930747
2017-01-09,0.1285482955732724
2017-01-10,0.05064100998102217
2017-01-11,0.12520950889206928
2017-01-12,0.051753308194028014
2017-01-13,0.005008959097999144
2017-01-17,0.19755252100431142
2017-01-18,0.011686532460403853
2017-01-19,0.055092094875231146
2017-01-20,-0.03728341473102881
2017-01-23,0.02170367158020614
2017-01-24,0.05954407014223184
2017-01-25,0.17529264466930128
2017-01-26,0.04285024803281834
2017-01-27,-0.008346855406408893
2017-01-30,0.09070700663845188
2017-01-31,0.03505859571181924
2017-02-01,0.2042299830701173
2017-02-02,0.07401240545284371
2017-02-03,0.09849854766285171
2017-02-06,0.1419024406286895
2017-02-07,0.12298402209326431
2017-02-08,0.08959292767985927
2017-02-09,0.09849854766285171
2017-02-10,-0.025042458261410938
2017-02-13,0.036171005221424135
2017-02-14,0.18530978378910512
2017-02-15,0.011685753384209407
2017-02-16,-0.022814300344222604
2017-02-17,0.08180305610444716
2017-02-21,0.06510923399503343
2017-02-22,0.08848229891584447
2017-02-23,-0.08180305610445027
2017-02-24,0.09627217049125347
2017-02-27,-0.010573232578005687
2017-02-28,0.002783361002593576
2017-03-01,0.22426259186073727
2017-03-02,-0.10294796310807286
2017-03-03,0.12409632030627016
2017-03-06,0.00946093436500317
2017-03-07,0.06399682448542876
2017-03-08,0.018364884899004563
2017-03-09,0.006120589531407816
2017-03-10,0.000556983830995339
2017-03-13,0.051752529117832013
2017-03-14,-0.021702002131219977
2017-03-15,0.12966148415907175
2017-03-16,0.00946093436499984
2017-03-17,-0.09960928772346866
2017-03-20,0.13077556311766436
2017-03-21,-0.23984411575714504
2017-03-22,0.18753449151171253
2017-03-23,-0.02504078881242311
2017-03-24,-0.08291546561405505
2017-03-27,0.178632321723301
2017-03-28,0.33444678161119956
2017-03-29,0.0617704473138303
2017-03-30,-0.016138396430807278
2017-03-31,0.006122258980395756
2017-04-03,0.011685642087610582
2017-04-04,0.181970997107902
2017-04-05,-0.009459264916012122
2017-04-06,-0.057315912225049837
2017-04-07,-0.03060595266522148
2017-04-10,-0.03505870700842151
2017-04-11,-0.1329984900946849
2017-04-12,0.03505870700841829
2017-04-13,-0.08291546561405183
2017-04-17,0.05175419856682306
2017-04-18,-0.010573343874604735
2017-04-19,-0.12075753362507013
2017-04-20,0.1485816834400837
2017-04-21,-0.00612047823480899
2017-04-24,0.028381133646012024
2017-04-25,0.08180305610445027
2017-04-26,-0.075125482742044
2017-04-27,-0.0016693933406000117
2017-04-28,-0.036171005221427244
2017-05-01,0.1775182427647053
2017-05-02,0.009461045661598888
2017-05-03,0.17640594455169945
2017-05-04,0.013912130555807867
2017-05-05,0.25765357497754016
2017-05-08,0.4557597409148728
2017-05-09,0.026156425923404614
2017-05-10,-0.028381133646015133
2017-05-11,0.17974461993630353
2017-05-12,0.16861596167969162
2017-05-15,-0.021702002131219977
2017-05-16,-0.03950979190262727
2017-05-17,-0.3600445542546178
2017-05-18,0.15414517784389736
2017-05-19,-0.022815969793213653
2017-05-22,0.0116873115365983
2017-05-23,-0.10962553647047601
2017-05-24,-0.0428485785838304
2017-05-25,0.028381133646012024
2017-05-26,-0.030605841368622544
2017-05-30,0.04062387086121988
2017-05-31,-0.12186983183807276
2017-06-01,0.013912130555807867
2017-06-02,0.2209238051795308
2017-06-05,-0.03283221854022411
2017-06-06,0.07401318452903816
2017-06-07,0.051752529117832013
2017-06-08,-0.016136838278418386
2017-06-09,-0.6783528281384079
2017-06-12,-0.022815969793213653
2017-06-13,-0.05064023090482617
2017-06-14,-0.2476338760359582
2017-06-15,0.12075586417607909
2017-06-16,-0.15525758735350215
2017-06-19,0.31107371669039163
2017-06-20,-0.19421195357751986
2017-06-21,0.051752529117832013
2017-06-22,-0.0027816915536057474
2017-06-23,0.14079014241568366
2017-06-26,-0.1374496862854928
2017-06-27,-0.1296598147100838
2017-06-28,0.16193683016489646
2017-06-29,-0.10183733434405495
2017-06-30,-0.03505703755943046
2017-07-03,-0.14079014241568688
2017-07-05,0.05731769297063671
2017-07-06,-0.01947718311201041
2017-07-07,0.15525925680248998
2017-07-10,0.11853115645346857
2017-07-11,0.10183733434405484
2017-07-12,-0.0016677238916121828
2017-07-13,0.26544344655295227
2017-07-14,0.13188619188168227
2017-07-17,0.09515820282925969
2017-07-18,0.11074128487805956
2017-07-19,0.07290077501943348
2017-07-20,-0.11630477928187022
2017-07-21,0.04396265754242301
2017-07-24,0.18085691814930938
2017-07-25,0.1174187469438639
2017-07-26,0.02504245826140772
2017-07-27,-0.34223665318660834
2017-07-28,-0.030605841368622544
2017-07-31,-0.11741707749487595
2017-08-01,0.11853115645346857
2017-08-02,-0.22537500137034194
2017-08-03,-0.15191880067229901
2017-08-04,0.04841374243662888
2017-08-07,0.20756876975132044
2017-08-08,0.1775182427647053
2017-08-09,0.21313393360412203
2017-08-10,-0.49693725670911215
2017-08-11,0.11073961542906852
2017-08-14,0.0717868073574397
2017-08-15,0.117418746943867
2017-08-16,-0.0973844687042591
2017-08-17,-0.2832495668753717
2017-08-18,-0.02726716598402157
2017-08-21,-0.01947551366302258
2017-08-22,0.18530978378910512
2017-08-23,0.11407840211027187
2017-08-24,-0.11630310983288228
2017-08-25,0.03617278596701401
2017-08-28,0.16082442065529157
2017-08-29,0.32554294237379056
2017-08-30,-0.03728341473102881
2017-08-31,0.052866608076427735
2017-09-01,-0.0706727283988472
2017-09-05,-0.17306537712490944
2017-09-06,-0.07623789225164868
2017-09-07,-0.07957656763625287
2017-09-08,-0.2353912501173493
2017-09-11,0.12409632030627016
2017-09-12,-0.18196932765891416
2017-09-13,-0.01168564208761047
2017-09-14,-0.06622153220803928
2017-09-15,0.1697283711892963
2017-09-18,-0.14746771577809326
2017-09-19,-0.07401151508005033
2017-09-20,-0.19087160874392783
2017-09-21,-0.2554255283569571
2017-09-22,0.05175419856681973
2017-09-25,0.07512559403864283
2017-09-26,0.16416309603989254
2017-09-27,0.06065647965183674
2017-09-28,-0.0550912045024361
2017-09-29,0.11407829081367282
2017-10-02,-0.03728341473102881
2017-10-03,0.06510923399503343
2017-10-04,-0.0038957705122015795
2017-10-05,0.14746927393047904
2017-10-06,0.0495278213952246
2017-10-09,0.016138396430807278
2017-10-10,-0.005008180021806363
2017-10-11,0.07735197121024129
2017-10-12,-0.026154756474416785
2017-10-13,0.041737838523213444
2017-10-16,0.2331682118437297
2017-10-17,0.08959459712884699
2017-10-18,-0.06065636835523769
2017-10-19,-0.07289910557044554
2017-10-20,-0.02726716598402157
2017-10-23,-0.06733394171764395
2017-10-24,0.10295141330264745
2017-10-25,-0.0428485785838304
2017-10-26,0.03283399928580777
2017-10-27,0.431276047230047
2017-10-30,0.3277693195453921
2017-10-31,0.1396777329060821
2017-11-01,-0.31886369956239957
2017-11-02,0.18085702944590842
2017-11-03,-0.15414517784389747
2017-11-06,0.22203788413812675
2017-11-07,0.11296599260067008
2017-11-08,0.18864845917370943
2017-11-09,0.09849854766285171
2017-11-10,-0.03617111651802618
2017-11-13,0.06510923399503343
2017-11-14,-0.17640416380611257
2017-11-15,-0.08625414099865603
2017-11-16,0.0038974399611892974
2017-11-17,-0.08625414099865925
2017-11-20,-0.02170189083462104
2017-11-21,0.27545969529995973
2017-11-22,0.1908749476419036
2017-11-24,-0.0016693933406031203
2017-11-27,-0.09404579331965501
2017-11-28,-0.12409465085728222
2017-11-29,-0.3377855682924026
2017-11-30,0.17084233885128985
2017-12-01,0.13522664801187312
2017-12-04,-0.2854743858945813
2017-12-05,0.07735185991363913
2017-12-06,0.18085702944590842
2017-12-07,0.045076625204416576
2017-12-08,-0.11185358309106541
2017-12-11,0.39899903177523455
2017-12-12,-0.03728341473102881
2017-12-13,-0.012798051597215254
2017-12-14,-0.007232887744413663
2017-12-15,0.05064011960822712
2017-12-18,0.1841957048305094
2017-12-19,-0.04173628037082466
2017-12-20,-0.04507328630643781
2017-12-21,0.10628853053486287
2017-12-22,0.0495278213952246
2017-12-26,-0.012798051597215254
2017-12-27,0.06844802067623657
2017-12-28,0.021703671580207917
2017-12-29,-0.13077378237207749
2018-01-02,0.24652157782295236
2018-01-03,-0.020589592621615194
2018-01-04,0.06733572246323094
2018-01-05,0.18642219329871001
2018-01-08,0.012799721046203194
2018-01-09,-0.01168564208761047
2018-01-10,0.13856365394748948
2018-01-11,0.08959470842544603
2018-01-12,0.11407996026266387
2018-01-16,-0.17751657331571735
2018-01-17,0.34112602442259354
2018-01-18,0.0005570951275972735
2018-01-19,-0.0038941010632137507
2018-01-22,-0.020589592621615194
2018-01-23,-0.016138507727406215
2018-01-24,-0.32442886341520105
2018-01-25,-0.36560804865842833
2018-01-26,-0.041736169074225615
2018-01-29,-0.23205246343614616
2018-01-30,0.17306704657389727
2018-01-31,0.07512559403864283
2018-02-01,0.08069075789144442
2018-02-02,-0.5993315748841654
2018-02-05,-0.2776845143191723
2018-02-06,0.9254315010889544
2018-02-07,-0.382303540216833
2018-02-08,-0.559264687853944
2018-02-09,-0.0606563683552408
2018-02-12,0.481359183007279
2018-02-13,0.27879848198116597
2018-02-14,0.49471421843548957
2018-02-15,0.3689501742376071
2018-02-16,0.020589592621611974
2018-02-20,-0.009459264916012122
2018-02-21,-0.18308173716851894
2018-02-22,0.09070700663845188
2018-02-23,0.21647272028532516
2018-02-26,0.3043962546245811
2018-02-27,-0.06622164350464133
2018-02-28,-0.11407840211027498
2018-03-01,-0.3811894612582404
2018-03-02,0.3923215697094271
2018-03-05,0.19198724585491256
2018-03-06,-0.12520872981587483
2018-03-07,0.02281608108981259
2018-03-08,0.17529342374549572
2018-03-09,0.23761762728894764
2018-03-12,0.17195474836089164
2018-03-13,-0.27879681253217814
2018-03-14,-0.19643844204572047
2018-03-15,0.029493543155616697
2018-03-16,-0.057316023521645665
2018-03-19,-0.2120198546455293
2018-03-20,0.012799721046203194
2018-03-21,-0.4067872339016587
2018-03-22,-0.1151907003232776
2018-03-23,-0.3711732125112299
2018-03-26,0.53589340367872
2018-03-27,-0.581523785112755
2018-03-28,-0.07289910557044554
2018-03-29,0.00946093436499984
2018-04-02,0.017250917237011
2018-04-03,0.09627217049125347
2018-04-04,0.761825388880057
2018-04-05,0.03728508418001675
2018-04-06,-0.2754580258509718
2018-04-09,0.031719920327215156
2018-04-10,0.04062387086121988
2018-04-11,0.03617267467041185
2018-04-12,0.09404568202305597
2018-04-13,0.007234557193401603
2018-04-16,0.10072492483445017
2018-04-17,0.20756876975132044
2018-04-18,0.016138396430807278
2018-04-19,-0.09404412387066707
2018-04-20,-0.5303282398259215
2018-04-23,-0.16416153788750687
2018-04-24,-0.2910395497473828
2018-04-25,0.1274351069874733
2018-04-26,0.023930048751806154
2018-04-27,-0.17417778663451422
2018-04-30,0.36115696376421935
2018-05-01,0.31218779564898425
2018-05-02,0.16193838831728513
2018-05-03,0.12520861851927267
2018-05-04,0.6338349675105763
2018-05-07,0.010575013323592453
2018-05-08,0.13077389366867642
2018-05-09,0.10294974385365974
2018-05-10,0.2687805637851677
2018-05-11,-0.08736821995724864
2018-05-14,-0.08291546561405505
2018-05-15,-0.02504078881242311
2018-05-16,0.24763398733255393
2018-05-17,-0.09960928772346866
2018-05-18,-0.08514173148905124
2018-05-21,-0.028379464197024085
2018-05-22,-0.12298224134768065
2018-05-23,0.2365053290759418
2018-05-24,-0.05620528346103193
2018-05-25,0.05175419856682306
2018-05-29,0.04618736526503042
2018-05-30,-0.01168564208761047
2018-05-31,-0.026154756474416785
2018-06-01,0.2632170693813538
2018-06-04,0.03394640879541577
2018-06-05,0.039509903199226315
2018-06-06,0.051752529117832013
2018-06-07,-0.06288107607784821
2018-06-08,0.0717868073574397
2018-06-11,-0.0005569838309984476
2018-06-12,0.11185369438766446
2018-06-13,-0.17863054097771103
2018-06-14,-0.0706727283988472
2018-06-15,-0.11964356596307335
2018-06-18,0.10851479640985917
2018-06-19,0.07401318452903816
2018-06-20,0.029493543155616697
2018-06-21,-0.18642041255312314
2018-06-22,-0.12075586417607909
2018-06-25,-0.12409465085728222
2018-06-26,0.17306548842150837
2018-06-27,-0.10628674978927599
2018-06-28,0.16861429223070057
2018-06-29,-0.11852937570788169
2018-07-02,0.3867547364076378
2018-07-03,-0.4179175616072619
2018-07-05,0.028381133646012024
2018-07-06,0.2966063830491723
2018-07-09,0.13300027084027488
2018-07-10,-0.02726716598401835
2018-07-11,-0.05620361401204088
2018-07-12,0.17974461993630353
2018-07-13,0.04062387086121988
2018-07-16,-0.05509120450243932
2018-07-17,0.20200360589851885
2018-07-18,-0.14079014241568688
2018-07-19,0.2565396073155497
2018-07-20,-0.02504078881242311
2018-07-23,0.11630644873086116
2018-07-24,0.07401318452903816
2018-07-25,0.208682737413314
2018-07-26,-0.031718250878230436
2018-07-27,-0.43350064365605856
2018-07-30,-0.20867939851533834
2018-07-31,0.011685642087610582
2018-08-01,0.2765721048095644
2018-08-02,0.7707292281174596
2018-08-03,0.11964512411546213
2018-08-06,0.13188786133067
2018-08-07,-0.23316643109813973
2018-08-08,0.14635530626848525
2018-08-09,0.1908749476419067
2018-08-10,0.031719920327215156
2018-08-13,0.14301651958728212
2018-08-14,-0.03283232983681994
2018-08-15,0.12632269747786862
2018-08-16,0.18753616096070358
2018-08-17,0.47356764198288226
2018-08-20,-0.2810231897037765
2018-08-21,-0.18308340661750677
2018-08-22,0.11853115645346857
2018-08-23,0.10629008868725176
2018-08-24,-0.036171005221427244
2018-08-27,0.10072492483445017
2018-08-28,0.08959459712884699
2018-08-29,0.3277693195453921
2018-08-30,0.21090755643252357
2018-08-31,0.13745302518347158
2018-09-04,0.0072345571934047115
2018-09-05,-0.2231501823511325
2018-09-06,-0.3355575216718132
2018-09-07,-0.04841374243663199
2018-09-10,-0.2787968125321749
2018-09-11,0.6627730849875868
2018-09-12,-0.4179175616072587
2018-09-13,0.3344468929077953
2018-09-14,-0.1997772287269204
2018-09-17,-0.4624355335316891
2018-09-18,0.06288452627242291
2018-09-19,-0.0016693933406031203
2018-09-20,-0.010573232578005687
2018-09-21,-0.3344451121622116
2018-09-24,0.4546456619562802
2018-09-25,0.28436364583396423
2018-09-26,-0.05175252911783512
2018-09-27,0.13856376524408542
2018-09-28,0.1185328259024565
2018-10-01,-0.06399515503644082
2018-10-02,0.23873170624754025
2018-10-03,0.23761929673793558
2018-10-04,-0.29771712310978915
2018-10-05,-0.39566035639063035
2018-10-08,0.18642208200211097
2018-10-09,0.37228729146982253
2018-10-10,-1.0
2018-10-11,0.005008180021803144
2018-10-12,0.2008913076855161
2018-10-15,-0.41012769003184657
2018-10-16,0.37117488196021786
2018-10-17,-0.11073961542907174
2018-10-18,-0.19198568770252367
2018-10-19,0.15192047012128684
2018-10-22,0.108514907706458
2018-10-23,0.7807455881610692
2018-10-24,-0.8230388523628922
2018-10-25,0.2454091683133477
2018-10-26,0.05731936241962443
2018-10-29,-0.7607113099214644
2018-10-30,0.2520884111247419
2018-10-31,0.23316654239473866
2018-11-01,0.36560971810741627
2018-11-02,-0.2175850184983309
2018-11-05,-0.28881484202477226
2018-11-06,0.2186990974569234
2018-11-07,0.4557597409148728
2018-11-08,-0.1530312101819038
2018-11-09,-0.1074008287478686
2018-11-12,-0.5247630759731199
2018-11-13,0.0795766789328487
2018-11-14,-0.7774051320308781
2018-11-15,0.3489160072946016
2018-11-16,0.3500283055076072
2018-11-19,-0.4479680885938738
2018-11-20,-0.1419024406286895
2018-11-21,-0.31552491288119644
2018-11-23,-0.282137268662366
2018-11-26,0.055091315799035145
2018-11-27,0.31664054999217783
2018-11-28,0.48135907171067993
2018-11-29,-0.33333281394920267
2018-11-30,-0.17751646201911842
2018-12-03,0.05286649677982869
2018-12-04,-0.46132323531868646
2018-12-06,0.3422383226355963
2018-12-07,-0.543683275254132
2018-12-10,0.5247647454221078
2018-12-11,-0.32442886341519794
2018-12-12,-0.13188452243269122
2018-12-13,0.06399526633303987
2018-12-14,-0.37896475353562986
2018-12-17,-0.15525758735350215
2018-12-18,0.08959459712884699
2018-12-19,-0.5559260124693399
2018-12-20,-0.3845282479394404
2018-12-21,-0.6694489889010053
2018-12-24,-0.13411089960428957
2018-12-26,1.0
2018-12-27,0.047301444223623035
2018-12-28,-0.12854740520047903
2018-12-31,-0.07512392458965511
2019-01-02,0.3500283055076072
2019-01-03,-0.18642052384972208
2019-01-04,0.4279355910998561
2019-01-07,-0.07289910557044554
2019-01-08,0.14524289675888058
2019-01-09,0.2376194080345344
2019-01-10,0.15748563397408843
2019-01-11,-0.052866608076427735
2019-01-14,-0.08180305610445027
2019-01-15,0.324430532864189
2019-01-16,0.21981139566992614
2019-01-17,0.19755252100431298
2019-01-18,-0.06288118737444726
2019-01-22,-0.33333281394920267
2019-01-23,-0.012798051597215254
2019-01-24,-0.14412892909689012
2019-01-25,0.26655585606255716
2019-01-28,0.06956209963482918
2019-01-29,-0.1619367188682974
2019-01-30,0.23539291956633712
2019-01-31,0.049527710098622446
2019-02-01,-0.03617111651802307
2019-02-04,0.44017821701846493
2019-02-05,0.15971034169669585
2019-02-06,-0.03283066038783211
2019-02-07,-0.14969242350070067
2019-02-08,0.17084078069889785
2019-02-11,-0.1675018827210989
2019-02-12,0.10072325538545912
2019-02-13,-0.12186983183807276
2019-02-14,0.1341125690532805
2019-02-15,-0.07957667893285192
2019-02-19,0.14858001399109577
2019-02-20,0.10628853053486287
2019-02-21,-0.06956031888924241
2019-02-22,0.16750188272109567
2019-02-25,0.020589592621615305
2019-02-26,0.08180305610445027
2019-02-27,0.1975507402587231
2019-02-28,-0.117418746943867
2019-03-01,0.08959459712884699
2019-03-04,0.03060762211421242
2019-03-05,-0.03283221854022089
2019-03-06,-0.003894101063210531
2019-03-07,-0.13967606345709116
2019-03-08,0.301057579239977
2019-03-11,0.3923199002604394
2019-03-12,0.11408007155925959
2019-03-13,-0.04729966347803938
2019-03-14,-0.00612047823480899
2019-03-15,0.15414517784389425
2019-03-18,0.2598782827001507
2019-03-19,-0.1897608686833141
2019-03-20,0.227603047990925
2019-03-21,0.5770725889219503
2019-03-22,-0.46466191070329066
2019-03-25,-0.2954907459381907
2019-03-26,-0.5292159416129125
2019-03-27,-0.018363215450016845
2019-03-28,-0.012798051597215254
2019-03-29,0.026154756474413565
2019-04-01,-0.03171825087822733
2019-04-02,0.338899647250992
2019-04-03,0.2465232472719403
2019-04-04,0.11296766204965492
2019-04-05,0.07401318452903816
2019-04-08,0.4223720966960456
2019-04-09,-0.07846426942324713
2019-04-10,0.22871534620393086
2019-04-11,-0.19866481921731882
2019-04-12,-0.023928379302818326
2019-04-15,0.08514184278565029
2019-04-16,-0.010573343874604735
2019-04-17,0.412355847949035
2019-04-18,0.09515987227825073
2019-04-22,0.20200360589851885
2019-04-23,0.3522546826792057
2019-04-24,-0.009459264916015231
2019-04-25,-0.15971034169669895
2019-04-26,-0.05397723684044253
2019-04-29,0.03617278596701401
2019-04-30,-0.25319915118535874
2019-05-01,0.0840294332760454
2019-05-02,-0.06399515503644404
2019-05-03,0.10851490770646133
2019-05-06,0.4791328058356805
2019-05-07,-0.3233164539055964
2019-05-08,0.12409632030627016
2019-05-09,0.04841541188561971
2019-05-10,-0.01391201925920893
2019-05-13,-0.2086811792609251
2019-05-14,0.2632170693813538
2019-05-15,0.5303282398259184
2019-05-16,0.031719920327218265
2019-05-17,0.24318446059073717
2019-05-20,-0.03505870700841829
2019-05-21,0.16638958450809316
2019-05-22,-0.19643844204571725
2019-05-23,-0.002781691553608967
2019-05-24,-0.12409465085728222
2019-05-28,-0.06399515503644082
2019-05-29,0.11964523541206429
2019-05-30,0.05175419856682306
2019-05-31,-0.11630310983288228
2019-06-03,-0.24318279114174923
2019-06-04,0.48024510404868637
2019-06-05,-0.18085702944590842
2019-06-06,0.25097433216614595
2019-06-07,0.4179192310562465
2019-06-10,0.09849854766285171
2019-06-11,0.007234557193401603
2019-06-12,0.03951146135161521
2019-06-13,-0.04841374243663199
2019-06-14,0.14524289675888058
